{
  "0": {"cam_K": [711.1112738715278, 0.0, 255.5, 0.0, 711.1112738715278, 255.5, 0.0, 0.0, 1.0], "cam_R_w2c": [-0.4397306442260742, 0.8981298208236694, 2.473676943282044e-07, -0.16400763392448425, -0.08029907941818237, -0.9831854701042175, -0.8830281496047974, -0.4323367178440094, 0.18260999023914337], "cam_t_w2c": [0.0009677784400992095, -0.0006117313168942928, 10000.0], "depth_scale": 1.0},
  "1": {"cam_K": [711.1112738715278, 0.0, 255.5, 0.0, 711.1112738715278, 255.5, 0.0, 0.0, 1.0], "cam_R_w2c": [0.2318611890077591, 0.972748875617981, -1.632255930417159e-08, 0.6369511485099792, -0.15182159841060638, -0.7558064460754395, -0.7352098822593689, 0.17524218559265137, -0.6547951102256775], "cam_t_w2c": [-0.0002525924937799573, -0.0004638428217731416, 10000.0009765625], "depth_scale": 1.0},
  "2": {"cam_K": [711.1112738715278, 0.0, 255.5, 0.0, 711.1112738715278, 255.5, 0.0, 0.0, 1.0], "cam_R_w2c": [-0.1437145322561264, -0.9896191954612732, 7.803518542459642e-08, 0.6855744123458862, -0.09956058859825134, -0.7211625576019287, 0.7136763334274292, -0.10364147275686264, 0.6927658915519714], "cam_t_w2c": [0.0011826046975329518, -0.00036909457412548363, 9999.9990234375], "depth_scale": 1.0},
  "3": {"cam_K": [711.1112738715278, 0.0, 255.5, 0.0, 711.1112738715278, 255.5, 0.0, 0.0, 1.0], "cam_R_w2c": [-0.972369372844696, -0.23344792425632477, 4.393547570202827e-08, 0.00976062286645174, -0.04065568372607231, -0.999125599861145, 0.23324379324913025, -0.9715190529823303, 0.04181084409356117], "cam_t_w2c": [0.00047706448822282255, 0.0006705821142531931, 10000.0], "depth_scale": 1.0},
  "4": {"cam_K": [711.1112738715278, 0.0, 255.5, 0.0, 711.1112738715278, 255.5, 0.0, 0.0, 1.0], "cam_R_w2c": [0.4733180105686188, -0.8808916807174683, 1.562961813306174e-07, 0.12587189674377441, 0.06763282418251038, -0.9897384643554688, 0.8718523383140564, 0.46846112608909607, 0.1428912729024887], "cam_t_w2c": [-0.0009727784781716764, 0.0003792925854213536, 10000.0009765625], "depth_scale": 1.0},
  "5": {"cam_K": [711.1112738715278, 0.0, 255.5, 0.0, 711.1112738715278, 255.5, 0.0, 0.0, 1.0], "cam_R_w2c": [-0.8405337333679199, -0.541759192943573, 1.529711823877733e-07, 0.36094918847084045, -0.5600091218948364, -0.7457248568534851, 0.404003381729126, -0.6268068552017212, 0.6662540435791016], "cam_t_w2c": [0.0010111284209415317, 0.0006724300910718739, 9999.9990234375], "depth_scale": 1.0},
  "6": {"cam_K": [711.1112738715278, 0.0, 255.5, 0.0, 711.1112738715278, 255.5, 0.0, 0.0, 1.0], "cam_R_w2c": [-0.32955697178840637, -0.9441357254981995, -1.7602435065100508e-08, 0.3468424379825592, -0.12106770277023315, -0.9300768971443176, 0.8781188130378723, -0.3065132796764374, 0.3673650026321411], "cam_t_w2c": [0.00021316614584065974, -0.0010182566475123167, 10000.0], "depth_scale": 1.0},
  "7": {"cam_K": [711.1112738715278, 0.0, 255.5, 0.0, 711.1112738715278, 255.5, 0.0, 0.0, 1.0], "cam_R_w2c": [0.7859519720077515, 0.6182875633239746, -5.096852362385107e-08, -0.20189927518367767, 0.25664931535720825, -0.9451813697814941, -0.5843939185142517, 0.7428671717643738, 0.3265458345413208], "cam_t_w2c": [1.754155891831033e-05, 0.000261091161519289, 10000.0], "depth_scale": 1.0},
  "8": {"cam_K": [711.1112738715278, 0.0, 255.5, 0.0, 711.1112738715278, 255.5, 0.0, 0.0, 1.0], "cam_R_w2c": [-0.35814186930656433, 0.9336671829223633, -1.5807442821369477e-07, 0.2921259105205536, 0.11205529421567917, -0.9497926831245422, -0.8867902159690857, -0.3401605486869812, -0.31288009881973267], "cam_t_w2c": [-0.0007351687527261674, 0.0014637032290920615, 10000.0], "depth_scale": 1.0},
  "9": {"cam_K": [711.1112738715278, 0.0, 255.5, 0.0, 711.1112738715278, 255.5, 0.0, 0.0, 1.0], "cam_R_w2c": [0.4304082989692688, -0.90263432264328, -8.310440335890235e-08, -0.31285232305526733, -0.149179145693779, -0.9380133748054504, 0.8466830849647522, 0.40372881293296814, -0.3465992212295532], "cam_t_w2c": [-0.00022191197786014527, 0.0002665134961716831, 10000.0009765625], "depth_scale": 1.0}
}